City,Parameter,Status,AIC,MAE,RMSE,MAPE,Model_File
Agartala,wind_speed_50m,Success,5390.61,1.186,1.503,31.7%,sarima_Agartala_wind_speed_50m.pkl
Ahmedabad,wind_power_density_10m,Success,14607.17,19.410,27.975,219.4%,sarima_Ahmedabad_wind_power_density_10m.pkl
Agartala,wind_speed_2m,Success,3342.96,0.568,0.751,33.8%,sarima_Agartala_wind_speed_2m.pkl
Ahmedabad,wind_speed_10m,Success,4539.48,0.865,1.109,29.2%,sarima_Ahmedabad_wind_speed_10m.pkl
Ahmedabad,wind_speed_50m,Success,5237.82,1.196,1.483,28.9%,sarima_Ahmedabad_wind_speed_50m.pkl
Agartala,wind_speed_10m,Success,4322.85,0.783,1.033,30.5%,sarima_Agartala_wind_speed_10m.pkl
Agartala,wind_power_density_10m,Success,13324.37,11.763,19.277,175.5%,sarima_Agartala_wind_power_density_10m.pkl
Agartala,wind_power_density_50m,Success,16170.73,37.459,56.397,183.4%,sarima_Agartala_wind_power_density_50m.pkl
Ahmedabad,wind_speed_2m,Success,3825.56,0.708,0.895,34.7%,sarima_Ahmedabad_wind_speed_2m.pkl
Ahmednagar,wind_speed_10m,Success,5327.04,1.285,1.696,34.2%,sarima_Ahmednagar_wind_speed_10m.pkl
Ahmednagar,wind_speed_2m,Success,4578.21,1.040,1.347,39.6%,sarima_Ahmednagar_wind_speed_2m.pkl
Ahmednagar,wind_speed_50m,Success,5926.36,1.498,1.999,29.0%,sarima_Ahmednagar_wind_speed_50m.pkl
Ahmedabad,wind_power_density_50m,Success,16747.31,51.356,69.816,227.8%,sarima_Ahmedabad_wind_power_density_50m.pkl
Ahmednagar,wind_power_density_10m,Success,16329.87,50.848,79.725,310.1%,sarima_Ahmednagar_wind_power_density_10m.pkl
Ahmednagar,wind_power_density_50m,Success,18411.51,100.903,161.789,212.9%,sarima_Ahmednagar_wind_power_density_50m.pkl
Alappuzha,wind_speed_50m,Success,5709.04,2.156,2.797,42.2%,sarima_Alappuzha_wind_speed_50m.pkl
Alappuzha,wind_speed_10m,Success,5114.96,1.796,2.289,41.6%,sarima_Alappuzha_wind_speed_10m.pkl
Alappuzha,wind_speed_2m,Success,4597.86,1.504,1.904,40.8%,sarima_Alappuzha_wind_speed_2m.pkl
Akola,wind_speed_50m,Success,5591.51,1.367,1.701,29.9%,sarima_Akola_wind_speed_50m.pkl
Akola,wind_power_density_50m,Success,17492.89,69.856,95.280,198.2%,sarima_Akola_wind_power_density_50m.pkl
Akola,wind_power_density_10m,Success,15103.52,26.570,39.982,191.1%,sarima_Akola_wind_power_density_10m.pkl
Akola,wind_speed_2m,Success,4048.40,0.837,1.068,36.0%,sarima_Akola_wind_speed_2m.pkl
Alappuzha,wind_power_density_10m,Success,15191.55,37.176,50.297,351.2%,sarima_Alappuzha_wind_power_density_10m.pkl
Akola,wind_speed_10m,Success,4791.20,1.035,1.331,30.4%,sarima_Akola_wind_speed_10m.pkl
Alappuzha,wind_power_density_50m,Success,16782.85,66.516,89.539,435.3%,sarima_Alappuzha_wind_power_density_50m.pkl
Anand,wind_speed_2m,Success,4029.61,0.833,1.040,37.0%,sarima_Anand_wind_speed_2m.pkl
Anantapur,wind_speed_50m,Success,6177.48,1.445,1.857,25.6%,sarima_Anantapur_wind_speed_50m.pkl
Anand,wind_power_density_10m,Success,15066.48,26.214,39.685,188.2%,sarima_Anand_wind_power_density_10m.pkl
Anand,wind_speed_50m,Success,5388.88,1.252,1.562,27.0%,sarima_Anand_wind_speed_50m.pkl
Anantapur,wind_speed_10m,Success,5624.26,1.247,1.602,30.6%,sarima_Anantapur_wind_speed_10m.pkl
Anantapur,wind_power_density_10m,Success,17076.18,59.737,82.668,235.6%,sarima_Anantapur_wind_power_density_10m.pkl
Anand,wind_speed_10m,Success,4746.31,0.996,1.272,29.7%,sarima_Anand_wind_speed_10m.pkl
Anand,wind_power_density_50m,Success,17175.44,60.509,85.418,160.2%,sarima_Anand_wind_power_density_50m.pkl
Anantapur,wind_power_density_50m,Success,19176.11,120.704,163.530,170.0%,sarima_Anantapur_wind_power_density_50m.pkl
Anantapur,wind_speed_2m,Success,4875.78,0.979,1.263,33.5%,sarima_Anantapur_wind_speed_2m.pkl
Bangalore,wind_power_density_10m,Success,15829.98,37.131,48.607,252.1%,sarima_Bangalore_wind_power_density_10m.pkl
Aurangabad,wind_power_density_10m,Success,15512.88,35.765,54.200,204.9%,sarima_Aurangabad_wind_power_density_10m.pkl
Aurangabad,wind_power_density_50m,Success,17733.35,81.121,116.311,170.6%,sarima_Aurangabad_wind_power_density_50m.pkl
Bangalore,wind_speed_50m,Success,5862.84,1.391,1.706,29.6%,sarima_Bangalore_wind_speed_50m.pkl
Aurangabad,wind_speed_10m,Success,4973.63,1.118,1.464,30.0%,sarima_Aurangabad_wind_speed_10m.pkl
Bangalore,wind_speed_10m,Success,5248.52,1.147,1.393,33.8%,sarima_Bangalore_wind_speed_10m.pkl
Aurangabad,wind_speed_50m,Success,5629.21,1.378,1.748,27.6%,sarima_Aurangabad_wind_speed_50m.pkl
Aurangabad,wind_speed_2m,Success,4239.78,0.903,1.171,34.9%,sarima_Aurangabad_wind_speed_2m.pkl
Bangalore,wind_speed_2m,Success,4408.57,0.864,1.047,35.7%,sarima_Bangalore_wind_speed_2m.pkl
Bangalore,wind_power_density_50m,Success,18098.64,86.922,108.189,219.0%,sarima_Bangalore_wind_power_density_50m.pkl
Barmer,wind_speed_50m,Success,6079.60,1.554,1.877,31.3%,sarima_Barmer_wind_speed_50m.pkl
Barmer,wind_speed_2m,Success,4990.17,1.170,1.416,43.6%,sarima_Barmer_wind_speed_2m.pkl
Barmer,wind_power_density_10m,Success,16559.77,50.822,65.383,372.3%,sarima_Barmer_wind_power_density_10m.pkl
Barmer,wind_power_density_50m,Success,18195.10,93.065,117.101,275.8%,sarima_Barmer_wind_power_density_50m.pkl
Barmer,wind_speed_10m,Success,5541.49,1.341,1.650,36.1%,sarima_Barmer_wind_speed_10m.pkl
Bellary,wind_power_density_10m,Success,17430.67,70.646,98.778,319.2%,sarima_Bellary_wind_power_density_10m.pkl
Belgaum,wind_speed_2m,Success,4399.65,0.845,1.101,36.3%,sarima_Belgaum_wind_speed_2m.pkl
Bellary,wind_speed_10m,Success,5802.18,1.384,1.774,34.8%,sarima_Bellary_wind_speed_10m.pkl
Belgaum,wind_power_density_10m,Success,16372.12,46.740,66.844,312.4%,sarima_Belgaum_wind_power_density_10m.pkl
Belgaum,wind_speed_10m,Success,5402.96,1.174,1.533,33.3%,sarima_Belgaum_wind_speed_10m.pkl
Belgaum,wind_power_density_50m,Success,18792.38,114.506,157.676,269.1%,sarima_Belgaum_wind_power_density_50m.pkl
Belgaum,wind_speed_50m,Success,6173.62,1.588,2.011,32.3%,sarima_Belgaum_wind_speed_50m.pkl
Bellary,wind_speed_50m,Success,6358.30,1.592,2.055,28.6%,sarima_Bellary_wind_speed_50m.pkl
Bellary,wind_speed_2m,Success,5038.39,1.086,1.392,38.5%,sarima_Bellary_wind_speed_2m.pkl
Bellary,wind_power_density_50m,Success,19484.77,142.712,194.741,215.1%,sarima_Bellary_wind_power_density_50m.pkl
Bharuch,wind_speed_10m,Success,4868.20,1.072,1.409,26.8%,sarima_Bharuch_wind_speed_10m.pkl
Bharuch,wind_speed_2m,Success,4104.22,0.871,1.129,32.3%,sarima_Bharuch_wind_speed_2m.pkl
Bharuch,wind_power_density_50m,Success,17778.61,82.494,124.828,119.2%,sarima_Bharuch_wind_power_density_50m.pkl
Bharuch,wind_power_density_10m,Success,15474.29,36.292,56.785,145.5%,sarima_Bharuch_wind_power_density_10m.pkl
Bharuch,wind_speed_50m,Success,5569.56,1.296,1.683,23.6%,sarima_Bharuch_wind_speed_50m.pkl
Bhavnagar,wind_speed_2m,Success,4031.29,0.820,1.053,30.5%,sarima_Bhavnagar_wind_speed_2m.pkl
Bhavnagar,wind_speed_10m,Success,4706.13,0.988,1.279,25.8%,sarima_Bhavnagar_wind_speed_10m.pkl
Bhopal,wind_power_density_10m,Success,14620.61,22.084,35.332,153.2%,sarima_Bhopal_wind_power_density_10m.pkl
Bhopal,wind_speed_50m,Success,5557.55,1.284,1.660,26.8%,sarima_Bhopal_wind_speed_50m.pkl
Bhopal,wind_speed_10m,Success,4707.02,0.940,1.262,27.4%,sarima_Bhopal_wind_speed_10m.pkl
Bhavnagar,wind_power_density_10m,Success,15172.22,28.580,47.698,127.5%,sarima_Bhavnagar_wind_power_density_10m.pkl
Bhavnagar,wind_power_density_50m,Success,17257.17,66.804,99.199,110.7%,sarima_Bhavnagar_wind_power_density_50m.pkl
Bhavnagar,wind_speed_50m,Success,5314.98,1.236,1.553,23.5%,sarima_Bhavnagar_wind_speed_50m.pkl
Bhuj,wind_speed_2m,Success,5067.36,1.940,2.302,48.1%,sarima_Bhuj_wind_speed_2m.pkl
Bhuj,wind_power_density_50m,Success,18776.63,103.197,139.583,183.4%,sarima_Bhuj_wind_power_density_50m.pkl
Bhuj,wind_power_density_10m,Success,17140.46,55.052,77.606,232.4%,sarima_Bhuj_wind_power_density_10m.pkl
Bhopal,wind_power_density_50m,Success,17096.98,58.152,88.841,157.1%,sarima_Bhopal_wind_power_density_50m.pkl
Bhopal,wind_speed_2m,Success,3940.97,0.758,1.001,32.5%,sarima_Bhopal_wind_speed_2m.pkl
Bhuj,wind_speed_50m,Success,5786.05,1.502,1.872,27.8%,sarima_Bhuj_wind_speed_50m.pkl
Bhuj,wind_speed_10m,Success,5351.15,1.315,1.631,31.8%,sarima_Bhuj_wind_speed_10m.pkl
Bijapur,wind_speed_10m,Success,5685.56,1.330,1.737,34.9%,sarima_Bijapur_wind_speed_10m.pkl
Bijapur,wind_power_density_10m,Success,17305.77,61.998,89.202,360.1%,sarima_Bijapur_wind_power_density_10m.pkl
Bijapur,wind_speed_2m,Success,4944.63,1.073,1.383,39.8%,sarima_Bijapur_wind_speed_2m.pkl
Bijapur,wind_speed_50m,Success,6258.84,1.567,2.063,30.4%,sarima_Bijapur_wind_speed_50m.pkl
Bikaner,wind_power_density_10m,Success,14869.91,31.261,47.396,239.6%,sarima_Bikaner_wind_power_density_10m.pkl
Bijapur,wind_power_density_50m,Success,19302.30,124.728,180.873,258.8%,sarima_Bijapur_wind_power_density_50m.pkl
Bikaner,wind_speed_50m,Success,5626.89,1.437,1.798,33.8%,sarima_Bikaner_wind_speed_50m.pkl
Bikaner,wind_speed_10m,Success,4865.80,1.114,1.428,34.1%,sarima_Bikaner_wind_speed_10m.pkl
Brahmanvel,wind_speed_10m,Success,5208.63,1.011,1.441,26.4%,sarima_Brahmanvel_wind_speed_10m.pkl
Bikaner,wind_power_density_50m,Success,17079.39,70.391,101.507,229.2%,sarima_Bikaner_wind_power_density_50m.pkl
Bikaner,wind_speed_2m,Success,4290.46,0.936,1.194,39.5%,sarima_Bikaner_wind_speed_2m.pkl
Brahmanvel,wind_power_density_10m,Success,16146.92,41.669,67.167,211.9%,sarima_Brahmanvel_wind_power_density_10m.pkl
Brahmanvel,wind_speed_50m,Success,5929.25,1.325,1.818,25.3%,sarima_Brahmanvel_wind_speed_50m.pkl
Brahmanvel,wind_speed_2m,Success,4347.20,0.786,1.105,30.7%,sarima_Brahmanvel_wind_speed_2m.pkl
Brahmanvel,wind_power_density_50m,Success,18349.27,92.216,143.644,175.3%,sarima_Brahmanvel_wind_power_density_50m.pkl
Chennai,wind_speed_2m,Success,3835.10,0.678,0.890,25.5%,sarima_Chennai_wind_speed_2m.pkl
Chennai,wind_speed_10m,Success,4518.12,0.859,1.135,24.7%,sarima_Chennai_wind_speed_10m.pkl
Chennai,wind_power_density_10m,Success,16031.08,27.998,45.445,197.1%,sarima_Chennai_wind_power_density_10m.pkl
Chennai,wind_speed_50m,Success,5311.44,1.167,1.497,25.8%,sarima_Chennai_wind_speed_50m.pkl
Chennai,wind_power_density_50m,Success,18145.05,63.064,95.671,186.4%,sarima_Chennai_wind_power_density_50m.pkl
Chitradurga,wind_speed_10m,Success,5605.13,1.243,1.555,34.7%,sarima_Chitradurga_wind_speed_10m.pkl
Chitradurga,wind_power_density_10m,Success,16719.26,52.310,67.437,317.5%,sarima_Chitradurga_wind_power_density_10m.pkl
Chitradurga,wind_speed_50m,Success,6291.76,1.527,1.893,30.7%,sarima_Chitradurga_wind_speed_50m.pkl
Chittoor,wind_power_density_10m,Success,14030.85,16.655,35.136,141.3%,sarima_Chittoor_wind_power_density_10m.pkl
Chittoor,wind_speed_10m,Success,4244.78,0.791,1.054,25.9%,sarima_Chittoor_wind_speed_10m.pkl
Chitradurga,wind_speed_2m,Success,4759.78,0.952,1.183,37.5%,sarima_Chitradurga_wind_speed_2m.pkl
Chittoor,wind_speed_50m,Success,5230.82,1.147,1.461,26.3%,sarima_Chittoor_wind_speed_50m.pkl
Chitradurga,wind_power_density_50m,Success,18964.06,109.627,141.430,240.5%,sarima_Chitradurga_wind_power_density_50m.pkl
Chittoor,wind_power_density_50m,Success,17060.57,53.608,91.198,148.9%,sarima_Chittoor_wind_power_density_50m.pkl
Chittoor,wind_speed_2m,Success,3361.45,0.584,0.773,28.1%,sarima_Chittoor_wind_speed_2m.pkl
Cuddalore,wind_speed_50m,Success,5549.73,1.346,1.624,28.1%,sarima_Cuddalore_wind_speed_50m.pkl
Coimbatore,wind_power_density_10m,Success,14357.00,18.707,22.397,492.2%,sarima_Coimbatore_wind_power_density_10m.pkl
Cuddalore,wind_speed_10m,Success,4883.64,1.045,1.285,26.0%,sarima_Cuddalore_wind_speed_10m.pkl
Cuddalore,wind_power_density_10m,Success,16454.95,43.481,62.990,132.8%,sarima_Cuddalore_wind_power_density_10m.pkl
Coimbatore,wind_power_density_50m,Success,17036.54,52.690,62.448,419.9%,sarima_Coimbatore_wind_power_density_50m.pkl
Coimbatore,wind_speed_10m,Success,4798.40,0.905,1.102,41.2%,sarima_Coimbatore_wind_speed_10m.pkl
Coimbatore,wind_speed_50m,Success,5654.49,1.277,1.548,39.7%,sarima_Coimbatore_wind_speed_50m.pkl
Coimbatore,wind_speed_2m,Success,3711.77,0.621,0.752,44.1%,sarima_Coimbatore_wind_speed_2m.pkl
Cuddalore,wind_power_density_50m,Success,18197.25,81.760,114.238,146.7%,sarima_Cuddalore_wind_power_density_50m.pkl
Cuddalore,wind_speed_2m,Success,4202.32,0.826,1.016,24.8%,sarima_Cuddalore_wind_speed_2m.pkl
Daman,wind_power_density_10m,Success,15360.93,35.800,67.443,140.3%,sarima_Daman_wind_power_density_10m.pkl
Daman,wind_speed_50m,Success,5698.22,1.363,1.845,25.2%,sarima_Daman_wind_speed_50m.pkl
Daman,wind_speed_10m,Success,4809.77,0.986,1.401,24.3%,sarima_Daman_wind_speed_10m.pkl
Daman,wind_speed_2m,Success,3976.17,0.773,1.076,27.4%,sarima_Daman_wind_speed_2m.pkl
Daman,wind_power_density_50m,Success,17863.42,89.301,153.077,144.1%,sarima_Daman_wind_power_density_50m.pkl
Darjeeling,wind_power_density_50m,Success,11377.28,8.753,15.986,98.8%,sarima_Darjeeling_wind_power_density_50m.pkl
Davangere,wind_speed_50m,Success,6492.23,1.656,2.082,30.1%,sarima_Davangere_wind_speed_50m.pkl
Darjeeling,wind_power_density_10m,Success,8666.73,3.757,6.451,71.9%,sarima_Darjeeling_wind_power_density_10m.pkl
Davangere,wind_speed_10m,Success,5877.51,1.403,1.754,34.8%,sarima_Davangere_wind_speed_10m.pkl
Davangere,wind_power_density_10m,Success,17434.84,73.285,96.304,319.8%,sarima_Davangere_wind_power_density_10m.pkl
Darjeeling,wind_speed_2m,Success,553.19,0.286,0.385,21.1%,sarima_Darjeeling_wind_speed_2m.pkl
Darjeeling,wind_speed_10m,Success,1977.06,0.452,0.616,19.7%,sarima_Darjeeling_wind_speed_10m.pkl
Darjeeling,wind_speed_50m,Success,3116.77,0.639,0.887,22.6%,sarima_Darjeeling_wind_speed_50m.pkl
Davangere,wind_speed_2m,Success,5056.89,1.076,1.346,37.5%,sarima_Davangere_wind_speed_2m.pkl
Davangere,wind_power_density_50m,Success,19543.54,146.334,191.955,240.2%,sarima_Davangere_wind_power_density_50m.pkl
Delhi,wind_speed_50m,Success,5435.00,1.331,1.652,34.0%,sarima_Delhi_wind_speed_50m.pkl
Delhi,wind_speed_10m,Success,4123.23,0.851,1.065,32.2%,sarima_Delhi_wind_speed_10m.pkl
Delhi,wind_power_density_10m,Success,12919.66,15.264,24.515,188.5%,sarima_Delhi_wind_power_density_10m.pkl
Delhi,wind_power_density_50m,Success,16383.75,55.109,82.929,227.3%,sarima_Delhi_wind_power_density_50m.pkl
Delhi,wind_speed_2m,Success,3120.26,0.600,0.757,34.7%,sarima_Delhi_wind_speed_2m.pkl
Dewas,wind_speed_10m,Success,4908.63,1.088,1.408,30.8%,sarima_Dewas_wind_speed_10m.pkl
Dhalgaon,wind_power_density_10m,Success,15902.00,36.003,58.234,179.3%,sarima_Dhalgaon_wind_power_density_10m.pkl
Dhalgaon,wind_speed_10m,Success,5074.89,0.966,1.346,26.0%,sarima_Dhalgaon_wind_speed_10m.pkl
Dewas,wind_speed_2m,Success,4132.18,0.874,1.124,37.1%,sarima_Dewas_wind_speed_2m.pkl
Dewas,wind_power_density_50m,Success,17329.79,68.892,98.017,189.0%,sarima_Dewas_wind_power_density_50m.pkl
Dhalgaon,wind_speed_50m,Success,5848.38,1.318,1.757,25.8%,sarima_Dhalgaon_wind_speed_50m.pkl
Dewas,wind_speed_50m,Success,5704.23,1.429,1.767,28.9%,sarima_Dewas_wind_speed_50m.pkl
Dewas,wind_power_density_10m,Success,14986.07,28.384,43.909,213.6%,sarima_Dewas_wind_power_density_10m.pkl
Dhalgaon,wind_power_density_50m,Success,18244.54,87.893,132.598,165.4%,sarima_Dhalgaon_wind_power_density_50m.pkl
Dhanushkodi,wind_power_density_10m,Success,18736.53,121.531,142.421,610.7%,sarima_Dhanushkodi_wind_power_density_10m.pkl
Dhalgaon,wind_speed_2m,Success,4189.36,0.730,1.015,29.4%,sarima_Dhalgaon_wind_speed_2m.pkl
Dhanushkodi,wind_power_density_50m,Success,19973.65,184.958,216.857,720.3%,sarima_Dhanushkodi_wind_power_density_50m.pkl
Dhanushkodi,wind_speed_50m,Success,6753.62,1.976,2.466,47.2%,sarima_Dhanushkodi_wind_speed_50m.pkl
Dhanushkodi,wind_speed_10m,Success,6286.29,1.662,2.095,43.8%,sarima_Dhanushkodi_wind_speed_10m.pkl
Dhanushkodi,wind_speed_2m,Success,5700.95,1.348,1.712,40.3%,sarima_Dhanushkodi_wind_speed_2m.pkl
Dwarka,wind_power_density_10m,Success,18172.17,93.328,145.381,170.6%,sarima_Dwarka_wind_power_density_10m.pkl
Diu,wind_speed_50m,Success,6153.53,1.507,2.093,22.9%,sarima_Diu_wind_speed_50m.pkl
Diu,wind_power_density_10m,Success,18251.35,98.619,161.662,121.8%,sarima_Diu_wind_power_density_10m.pkl
Diu,wind_power_density_50m,Success,19496.94,152.748,255.081,134.3%,sarima_Diu_wind_power_density_50m.pkl
Diu,wind_speed_10m,Success,5699.96,1.286,1.780,22.1%,sarima_Diu_wind_speed_10m.pkl
Diu,wind_speed_2m,Success,5157.37,1.073,1.470,21.4%,sarima_Diu_wind_speed_2m.pkl
Dwarka,wind_speed_50m,Success,6078.71,1.614,2.145,28.2%,sarima_Dwarka_wind_speed_50m.pkl
Dwarka,wind_speed_10m,Success,5601.77,1.375,1.811,26.5%,sarima_Dwarka_wind_speed_10m.pkl
Dwarka,wind_power_density_50m,Success,19396.05,139.885,225.375,200.3%,sarima_Dwarka_wind_power_density_50m.pkl
Erode,wind_speed_10m,Success,4000.56,0.717,0.858,32.6%,sarima_Erode_wind_speed_10m.pkl
Erode,wind_power_density_10m,Success,12712.99,10.816,13.416,234.9%,sarima_Erode_wind_power_density_10m.pkl
Erode,wind_speed_50m,Success,4994.37,1.069,1.264,30.6%,sarima_Erode_wind_speed_50m.pkl
Erode,wind_speed_2m,Success,2614.80,0.444,0.528,35.2%,sarima_Erode_wind_speed_2m.pkl
Erode,wind_power_density_50m,Success,16027.10,39.076,47.136,202.8%,sarima_Erode_wind_power_density_50m.pkl
Dwarka,wind_speed_2m,Success,5013.41,1.127,1.476,24.8%,sarima_Dwarka_wind_speed_2m.pkl
Gadag,wind_power_density_10m,Success,17086.89,60.709,86.095,311.5%,sarima_Gadag_wind_power_density_10m.pkl
Gadag,wind_speed_10m,Success,5667.12,1.283,1.671,32.7%,sarima_Gadag_wind_speed_10m.pkl
Gadag,wind_speed_2m,Success,4869.36,1.008,1.304,35.7%,sarima_Gadag_wind_speed_2m.pkl
Ganganagar,wind_speed_10m,Success,3969.94,0.811,1.092,31.9%,sarima_Ganganagar_wind_speed_10m.pkl
Ganganagar,wind_speed_50m,Success,5036.48,1.205,1.578,33.8%,sarima_Ganganagar_wind_speed_50m.pkl
Gadag,wind_speed_50m,Success,6298.66,1.543,2.001,29.3%,sarima_Gadag_wind_speed_50m.pkl
Gadag,wind_power_density_50m,Success,19208.02,123.922,172.449,242.6%,sarima_Gadag_wind_power_density_50m.pkl
Ganganagar,wind_power_density_10m,Success,12616.12,13.446,24.454,206.5%,sarima_Ganganagar_wind_power_density_10m.pkl
Gulbarga,wind_power_density_10m,Success,16000.36,38.991,57.607,333.8%,sarima_Gulbarga_wind_power_density_10m.pkl
Ganganagar,wind_power_density_50m,Success,15404.75,40.535,68.299,238.7%,sarima_Ganganagar_wind_power_density_50m.pkl
Gulbarga,wind_speed_50m,Success,5840.29,1.453,1.830,31.6%,sarima_Gulbarga_wind_speed_50m.pkl
Gulbarga,wind_speed_2m,Success,4448.69,0.913,1.166,39.4%,sarima_Gulbarga_wind_speed_2m.pkl
Gulbarga,wind_power_density_50m,Success,18171.06,87.551,126.529,267.1%,sarima_Gulbarga_wind_power_density_50m.pkl
Gulbarga,wind_speed_10m,Success,5193.47,1.162,1.488,35.1%,sarima_Gulbarga_wind_speed_10m.pkl
Ganganagar,wind_speed_2m,Success,3162.01,0.615,0.844,35.0%,sarima_Ganganagar_wind_speed_2m.pkl
Guwahati,wind_power_density_10m,Success,10198.18,4.935,10.112,174.5%,sarima_Guwahati_wind_power_density_10m.pkl
Hassan,wind_speed_50m,Success,5945.47,1.434,1.760,36.3%,sarima_Hassan_wind_speed_50m.pkl
Hassan,wind_speed_10m,Success,5109.28,1.087,1.334,39.7%,sarima_Hassan_wind_speed_10m.pkl
Guwahati,wind_speed_2m,Success,-481.37,0.152,0.216,27.2%,sarima_Guwahati_wind_speed_2m.pkl
Guwahati,wind_power_density_50m,Success,15287.49,34.299,62.265,196.4%,sarima_Guwahati_wind_power_density_50m.pkl
Guwahati,wind_speed_10m,Success,3052.13,0.530,0.747,28.4%,sarima_Guwahati_wind_speed_10m.pkl
Hassan,wind_power_density_10m,Success,15252.98,30.968,38.192,426.1%,sarima_Hassan_wind_power_density_10m.pkl
Guwahati,wind_speed_50m,Success,4836.68,1.058,1.412,30.6%,sarima_Guwahati_wind_speed_50m.pkl
Hospet,wind_speed_10m,Success,5740.68,1.325,1.727,32.5%,sarima_Hospet_wind_speed_10m.pkl
Hassan,wind_speed_2m,Success,4079.32,0.769,0.942,42.0%,sarima_Hassan_wind_speed_2m.pkl
Hospet,wind_power_density_10m,Success,17274.34,66.335,94.242,289.9%,sarima_Hospet_wind_power_density_10m.pkl
Hospet,wind_speed_2m,Success,4960.02,1.048,1.355,36.4%,sarima_Hospet_wind_speed_2m.pkl
Hospet,wind_speed_50m,Success,6325.57,1.530,2.000,26.9%,sarima_Hospet_wind_speed_50m.pkl
Hassan,wind_power_density_50m,Success,17914.40,78.741,96.481,350.4%,sarima_Hassan_wind_power_density_50m.pkl
Hospet,wind_power_density_50m,Success,19347.59,132.863,186.542,193.6%,sarima_Hospet_wind_power_density_50m.pkl
Hubli,wind_speed_10m,Success,5345.92,1.144,1.476,32.5%,sarima_Hubli_wind_speed_10m.pkl
Hyderabad,wind_power_density_10m,Success,16137.61,41.375,60.023,342.3%,sarima_Hyderabad_wind_power_density_10m.pkl
Hubli,wind_power_density_10m,Success,16235.65,43.108,60.987,302.5%,sarima_Hubli_wind_power_density_10m.pkl
Hubli,wind_speed_2m,Success,4406.93,0.850,1.091,35.2%,sarima_Hubli_wind_speed_2m.pkl
Hubli,wind_power_density_50m,Success,18671.43,100.535,140.364,235.4%,sarima_Hubli_wind_power_density_50m.pkl
Hubli,wind_speed_50m,Success,6121.73,1.510,1.909,31.0%,sarima_Hubli_wind_speed_50m.pkl
Hyderabad,wind_speed_50m,Success,5924.52,1.509,1.927,32.6%,sarima_Hyderabad_wind_speed_50m.pkl
Hyderabad,wind_speed_10m,Success,5190.16,1.161,1.523,35.0%,sarima_Hyderabad_wind_speed_10m.pkl
Hyderabad,wind_power_density_50m,Success,18539.09,97.301,138.174,271.7%,sarima_Hyderabad_wind_power_density_50m.pkl
Hyderabad,wind_speed_2m,Success,4349.24,0.886,1.161,39.3%,sarima_Hyderabad_wind_speed_2m.pkl
Imphal,wind_power_density_50m,Success,9771.57,4.457,7.333,112.1%,sarima_Imphal_wind_power_density_50m.pkl
Imphal,wind_power_density_10m,Success,4762.39,0.903,1.352,96.8%,sarima_Imphal_wind_power_density_10m.pkl
Imphal,wind_speed_10m,Success,1153.78,0.286,0.366,22.2%,sarima_Imphal_wind_speed_10m.pkl
Imphal,wind_speed_2m,Success,-1745.98,0.109,0.139,20.4%,sarima_Imphal_wind_speed_2m.pkl
Imphal,wind_speed_50m,Success,2985.16,0.512,0.675,24.5%,sarima_Imphal_wind_speed_50m.pkl
Jaipur,wind_speed_10m,Success,4417.44,0.920,1.173,34.1%,sarima_Jaipur_wind_speed_10m.pkl
Jaipur,wind_speed_50m,Success,5376.16,1.331,1.647,35.7%,sarima_Jaipur_wind_speed_50m.pkl
Indore,wind_speed_2m,Success,4154.56,0.883,1.129,36.9%,sarima_Indore_wind_speed_2m.pkl
Indore,wind_power_density_50m,Success,17438.56,71.061,99.215,214.7%,sarima_Indore_wind_power_density_50m.pkl
Indore,wind_speed_10m,Success,4904.25,1.083,1.411,30.5%,sarima_Indore_wind_speed_10m.pkl
Indore,wind_power_density_10m,Success,15244.62,31.184,45.612,242.4%,sarima_Indore_wind_power_density_10m.pkl
Jaipur,wind_power_density_10m,Success,13835.87,17.920,28.152,258.1%,sarima_Jaipur_wind_power_density_10m.pkl
Indore,wind_speed_50m,Success,5614.25,1.381,1.735,28.1%,sarima_Indore_wind_speed_50m.pkl
Jaipur,wind_power_density_50m,Success,16518.94,52.436,77.605,275.9%,sarima_Jaipur_wind_power_density_50m.pkl
Jaisalmer,wind_power_density_10m,Success,16820.91,59.815,79.041,413.7%,sarima_Jaisalmer_wind_power_density_10m.pkl
Jaisalmer,wind_speed_2m,Success,5068.07,1.276,1.546,49.2%,sarima_Jaisalmer_wind_speed_2m.pkl
Jaisalmer,wind_speed_50m,Success,6149.33,1.779,2.129,38.3%,sarima_Jaisalmer_wind_speed_50m.pkl
Jaisalmer,wind_power_density_50m,Success,18456.57,112.760,142.932,331.8%,sarima_Jaisalmer_wind_power_density_50m.pkl
Jaipur,wind_speed_2m,Success,3661.83,0.712,0.912,38.6%,sarima_Jaipur_wind_speed_2m.pkl
Jaisalmer,wind_speed_10m,Success,5605.18,1.487,1.819,41.8%,sarima_Jaisalmer_wind_speed_10m.pkl
Jamnagar,wind_speed_50m,Success,5690.65,1.457,1.853,29.2%,sarima_Jamnagar_wind_speed_50m.pkl
Jodhpur,wind_power_density_10m,Success,15268.92,32.236,44.519,198.1%,sarima_Jodhpur_wind_power_density_10m.pkl
Jamnagar,wind_power_density_10m,Success,16889.23,53.770,77.784,269.8%,sarima_Jamnagar_wind_power_density_10m.pkl
Jodhpur,wind_speed_50m,Success,5671.87,1.442,1.784,28.5%,sarima_Jodhpur_wind_speed_50m.pkl
Jamnagar,wind_speed_10m,Success,5232.34,1.246,1.578,31.1%,sarima_Jamnagar_wind_speed_10m.pkl
Jamnagar,wind_speed_2m,Success,4654.74,1.054,1.315,33.7%,sarima_Jamnagar_wind_speed_2m.pkl
Jodhpur,wind_speed_10m,Success,4931.60,1.127,1.441,30.9%,sarima_Jodhpur_wind_speed_10m.pkl
Jamnagar,wind_power_density_50m,Success,18475.45,96.693,137.445,255.7%,sarima_Jamnagar_wind_power_density_50m.pkl
Kadapa,wind_power_density_10m,Success,16311.28,46.211,74.896,231.3%,sarima_Kadapa_wind_power_density_10m.pkl
Kadapa,wind_speed_50m,Success,5955.66,1.418,1.858,27.0%,sarima_Kadapa_wind_speed_50m.pkl
Jodhpur,wind_speed_2m,Success,4277.17,0.938,1.183,37.3%,sarima_Jodhpur_wind_speed_2m.pkl
Kadapa,wind_power_density_50m,Success,18609.75,106.819,156.907,188.6%,sarima_Kadapa_wind_power_density_50m.pkl
Kadapa,wind_speed_2m,Success,4485.92,0.900,1.191,34.0%,sarima_Kadapa_wind_speed_2m.pkl
Jodhpur,wind_power_density_50m,Success,17424.27,75.038,99.250,164.8%,sarima_Jodhpur_wind_power_density_50m.pkl
Kadapa,wind_speed_10m,Success,5292.68,1.160,1.536,30.8%,sarima_Kadapa_wind_speed_10m.pkl
Kannur,wind_speed_50m,Success,4136.96,0.910,1.108,33.5%,sarima_Kannur_wind_speed_50m.pkl
Kannur,wind_power_density_10m,Success,9065.33,3.584,5.348,178.7%,sarima_Kannur_wind_power_density_10m.pkl
Kanyakumari,wind_speed_50m,Success,6175.79,1.717,2.110,38.9%,sarima_Kanyakumari_wind_speed_50m.pkl
Kanyakumari,wind_power_density_10m,Success,16873.32,66.817,86.160,267.8%,sarima_Kanyakumari_wind_power_density_10m.pkl
Kanyakumari,wind_speed_10m,Success,5537.17,1.353,1.676,35.3%,sarima_Kanyakumari_wind_speed_10m.pkl
Kannur,wind_power_density_50m,Success,13557.29,18.485,24.386,250.5%,sarima_Kannur_wind_power_density_50m.pkl
Kannur,wind_speed_10m,Success,2559.10,0.499,0.632,29.3%,sarima_Kannur_wind_speed_10m.pkl
Kannur,wind_speed_2m,Success,336.97,0.228,0.313,23.3%,sarima_Kannur_wind_speed_2m.pkl
Karaikal,wind_speed_50m,Success,5710.80,1.412,1.704,29.0%,sarima_Karaikal_wind_speed_50m.pkl
Karaikal,wind_speed_10m,Success,5055.25,1.094,1.335,27.0%,sarima_Karaikal_wind_speed_10m.pkl
Karaikal,wind_power_density_10m,Success,16628.59,47.880,71.081,140.9%,sarima_Karaikal_wind_power_density_10m.pkl
Kanyakumari,wind_power_density_50m,Success,18519.93,123.613,153.830,354.0%,sarima_Kanyakumari_wind_power_density_50m.pkl
Karaikal,wind_speed_2m,Success,4364.62,0.862,1.048,25.7%,sarima_Karaikal_wind_speed_2m.pkl
Karaikal,wind_power_density_50m,Success,18392.42,93.044,133.010,160.6%,sarima_Karaikal_wind_power_density_50m.pkl
Kanyakumari,wind_speed_2m,Success,4872.00,1.077,1.330,33.4%,sarima_Kanyakumari_wind_speed_2m.pkl
Karwar,wind_speed_10m,Success,2330.67,0.410,0.537,26.8%,sarima_Karwar_wind_speed_10m.pkl
Karwar,wind_speed_50m,Success,4198.03,0.861,1.073,29.5%,sarima_Karwar_wind_speed_50m.pkl
Karimnagar,wind_power_density_10m,Success,14582.93,21.287,29.506,357.0%,sarima_Karimnagar_wind_power_density_10m.pkl
Karimnagar,wind_power_density_50m,Success,17333.13,59.399,82.226,322.4%,sarima_Karimnagar_wind_power_density_50m.pkl
Karimnagar,wind_speed_50m,Success,5523.14,1.332,1.654,35.8%,sarima_Karimnagar_wind_speed_50m.pkl
Karwar,wind_power_density_10m,Success,8404.18,2.685,3.602,195.9%,sarima_Karwar_wind_power_density_10m.pkl
Karimnagar,wind_speed_10m,Success,4588.31,0.949,1.207,35.5%,sarima_Karimnagar_wind_speed_10m.pkl
Karimnagar,wind_speed_2m,Success,3722.05,0.717,0.911,40.1%,sarima_Karimnagar_wind_speed_2m.pkl
Karwar,wind_power_density_50m,Success,13833.37,19.865,25.815,208.5%,sarima_Karwar_wind_power_density_50m.pkl
Kasaragod,wind_power_density_10m,Success,13392.78,17.280,29.491,160.9%,sarima_Kasaragod_wind_power_density_10m.pkl
Kasaragod,wind_power_density_50m,Success,15583.22,37.712,61.731,193.6%,sarima_Kasaragod_wind_power_density_50m.pkl
Karwar,wind_speed_2m,Success,-2103.51,0.085,0.109,18.1%,sarima_Karwar_wind_speed_2m.pkl
Kasaragod,wind_speed_10m,Success,4110.32,0.835,1.108,28.4%,sarima_Kasaragod_wind_speed_10m.pkl
Kasaragod,wind_speed_50m,Success,4888.39,1.133,1.449,31.9%,sarima_Kasaragod_wind_speed_50m.pkl
Kasaragod,wind_speed_2m,Success,3320.49,0.636,0.840,27.5%,sarima_Kasaragod_wind_speed_2m.pkl
Kayathar,wind_speed_50m,Success,5733.40,1.374,1.639,35.4%,sarima_Kayathar_wind_speed_50m.pkl
Kayathar,wind_speed_10m,Success,4929.73,1.015,1.201,37.6%,sarima_Kayathar_wind_speed_10m.pkl
Kayathar,wind_power_density_10m,Success,14810.13,25.390,30.528,341.4%,sarima_Kayathar_wind_power_density_10m.pkl
Kayathar,wind_speed_2m,Success,3915.65,0.730,0.855,41.5%,sarima_Kayathar_wind_speed_2m.pkl
Kayathar,wind_power_density_50m,Success,17336.09,67.497,80.656,289.3%,sarima_Kayathar_wind_power_density_50m.pkl
Kohima,wind_power_density_10m,Success,4286.01,0.714,1.314,146.7%,sarima_Kohima_wind_power_density_10m.pkl
Kohima,wind_speed_10m,Success,1161.80,0.309,0.409,29.3%,sarima_Kohima_wind_speed_10m.pkl
Kohima,wind_speed_50m,Success,3211.16,0.624,0.838,34.2%,sarima_Kohima_wind_speed_50m.pkl
Kohima,wind_power_density_50m,Success,10043.97,4.743,10.123,190.0%,sarima_Kohima_wind_power_density_50m.pkl
Kohima,wind_speed_2m,Success,-3547.58,0.060,0.073,57.2%,sarima_Kohima_wind_speed_2m.pkl
Kolhapur,wind_power_density_10m,Success,17085.90,60.060,91.198,307.0%,sarima_Kolhapur_wind_power_density_10m.pkl
Kollam,wind_power_density_10m,Success,11839.72,10.328,12.784,309.1%,sarima_Kollam_wind_power_density_10m.pkl
Kolhapur,wind_speed_2m,Success,4737.05,0.964,1.264,36.3%,sarima_Kolhapur_wind_speed_2m.pkl
Kolhapur,wind_speed_10m,Success,5667.47,1.292,1.703,33.3%,sarima_Kolhapur_wind_speed_10m.pkl
Kolhapur,wind_power_density_50m,Success,19373.58,138.657,202.408,263.0%,sarima_Kolhapur_wind_power_density_50m.pkl
Kollam,wind_speed_50m,Success,4930.82,1.216,1.433,38.3%,sarima_Kollam_wind_speed_50m.pkl
Kollam,wind_speed_10m,Success,3721.13,0.782,0.919,37.9%,sarima_Kollam_wind_speed_10m.pkl
Kolhapur,wind_speed_50m,Success,6392.86,1.666,2.163,31.5%,sarima_Kolhapur_wind_speed_50m.pkl
Kollam,wind_speed_2m,Success,2204.57,0.458,0.537,37.6%,sarima_Kollam_wind_speed_2m.pkl
Kozhikode,wind_speed_50m,Success,4526.94,1.014,1.313,29.8%,sarima_Kozhikode_wind_speed_50m.pkl
Kollam,wind_power_density_50m,Success,15346.90,38.516,47.454,309.1%,sarima_Kollam_wind_power_density_50m.pkl
Kozhikode,wind_power_density_50m,Success,14733.66,27.946,42.852,174.9%,sarima_Kozhikode_wind_power_density_50m.pkl
Kozhikode,wind_speed_10m,Success,3567.13,0.720,0.952,26.8%,sarima_Kozhikode_wind_speed_10m.pkl
Kozhikode,wind_power_density_10m,Success,12061.40,11.003,17.544,139.4%,sarima_Kozhikode_wind_power_density_10m.pkl
Kozhikode,wind_speed_2m,Success,2593.62,0.515,0.688,25.5%,sarima_Kozhikode_wind_speed_2m.pkl
Kutch,wind_speed_10m,Success,5745.23,2.587,3.040,51.0%,sarima_Kutch_wind_speed_10m.pkl
Kurnool,wind_power_density_50m,Success,18262.20,90.711,126.904,204.4%,sarima_Kurnool_wind_power_density_50m.pkl
Kurnool,wind_power_density_10m,Success,15981.77,39.648,56.565,258.5%,sarima_Kurnool_wind_power_density_10m.pkl
Kutch,wind_speed_50m,Success,5853.16,1.548,1.878,29.1%,sarima_Kutch_wind_speed_50m.pkl
Kurnool,wind_speed_2m,Success,4389.25,0.840,1.073,33.8%,sarima_Kurnool_wind_speed_2m.pkl
Kutch,wind_speed_2m,Success,5137.57,2.267,2.663,60.1%,sarima_Kutch_wind_speed_2m.pkl
Kurnool,wind_speed_50m,Success,5832.54,1.345,1.731,27.2%,sarima_Kurnool_wind_speed_50m.pkl
Kutch,wind_power_density_10m,Success,16812.67,53.080,72.194,252.9%,sarima_Kutch_wind_power_density_10m.pkl
Kurnool,wind_speed_10m,Success,5190.91,1.102,1.407,31.2%,sarima_Kurnool_wind_speed_10m.pkl
Kutch,wind_power_density_50m,Success,18364.14,94.852,125.160,173.1%,sarima_Kutch_wind_power_density_50m.pkl
Lamba (Jamnagar),wind_speed_50m,Success,5690.65,1.457,1.853,29.2%,sarima_Lamba_(Jamnagar)_wind_speed_50m.pkl
Lamba (Jamnagar),wind_speed_10m,Success,5232.34,1.246,1.578,31.1%,sarima_Lamba_(Jamnagar)_wind_speed_10m.pkl
Lamba (Jamnagar),wind_power_density_10m,Success,16889.23,53.770,77.784,269.8%,sarima_Lamba_(Jamnagar)_wind_power_density_10m.pkl
Lamba (Jamnagar),wind_speed_2m,Success,4654.74,1.054,1.315,33.7%,sarima_Lamba_(Jamnagar)_wind_speed_2m.pkl
Lamba (Jamnagar),wind_power_density_50m,Success,18475.45,96.693,137.445,255.7%,sarima_Lamba_(Jamnagar)_wind_power_density_50m.pkl
Lonavala,wind_speed_10m,Success,4581.83,0.793,1.216,21.0%,sarima_Lonavala_wind_speed_10m.pkl
Lonavala,wind_power_density_10m,Success,14996.27,30.467,55.934,137.7%,sarima_Lonavala_wind_power_density_10m.pkl
Lonavala,wind_power_density_50m,Success,17488.40,75.136,125.721,151.2%,sarima_Lonavala_wind_power_density_50m.pkl
Lonavala,wind_speed_2m,Success,3797.83,0.620,0.947,23.1%,sarima_Lonavala_wind_speed_2m.pkl
Lucknow,wind_power_density_10m,Success,14127.48,20.592,35.608,314.5%,sarima_Lucknow_wind_power_density_10m.pkl
Lucknow,wind_speed_50m,Success,5691.57,1.557,1.940,40.6%,sarima_Lucknow_wind_speed_50m.pkl
Lonavala,wind_speed_50m,Success,5521.49,1.188,1.652,24.2%,sarima_Lonavala_wind_speed_50m.pkl
Lucknow,wind_speed_10m,Success,4508.43,0.999,1.263,38.7%,sarima_Lucknow_wind_speed_10m.pkl
Mahabaleshwar,wind_speed_10m,Success,5328.55,1.078,1.558,27.3%,sarima_Mahabaleshwar_wind_speed_10m.pkl
Mahabaleshwar,wind_speed_50m,Success,6018.61,1.376,1.928,25.5%,sarima_Mahabaleshwar_wind_speed_50m.pkl
Mahabaleshwar,wind_power_density_10m,Success,16356.91,47.600,78.574,231.7%,sarima_Mahabaleshwar_wind_power_density_10m.pkl
Mahabaleshwar,wind_power_density_50m,Success,18529.11,102.248,164.374,182.6%,sarima_Mahabaleshwar_wind_power_density_50m.pkl
Lucknow,wind_power_density_50m,Success,17180.76,71.714,114.924,352.5%,sarima_Lucknow_wind_power_density_50m.pkl
Mahabaleshwar,wind_speed_2m,Success,4472.18,0.848,1.203,32.4%,sarima_Mahabaleshwar_wind_speed_2m.pkl
Lucknow,wind_speed_2m,Success,3557.13,0.705,0.901,41.4%,sarima_Lucknow_wind_speed_2m.pkl
Mahabubnagar,wind_power_density_10m,Success,16202.77,41.358,58.028,389.2%,sarima_Mahabubnagar_wind_power_density_10m.pkl
Mahabubnagar,wind_speed_10m,Success,5273.51,1.173,1.471,35.9%,sarima_Mahabubnagar_wind_speed_10m.pkl
Malappuram,wind_power_density_10m,Success,10384.88,5.190,6.896,160.1%,sarima_Malappuram_wind_power_density_10m.pkl
Mahabubnagar,wind_power_density_50m,Success,18441.50,94.834,130.642,310.6%,sarima_Mahabubnagar_wind_power_density_50m.pkl
Malappuram,wind_speed_50m,Success,4507.08,0.949,1.138,31.3%,sarima_Malappuram_wind_speed_50m.pkl
Mahabubnagar,wind_speed_2m,Success,4462.96,0.889,1.115,39.0%,sarima_Mahabubnagar_wind_speed_2m.pkl
Malappuram,wind_speed_10m,Success,3050.64,0.560,0.684,28.4%,sarima_Malappuram_wind_speed_10m.pkl
Mahabubnagar,wind_speed_50m,Success,5910.47,1.458,1.829,31.7%,sarima_Mahabubnagar_wind_speed_50m.pkl
Malappuram,wind_power_density_50m,Success,14407.88,23.070,28.919,212.1%,sarima_Malappuram_wind_power_density_50m.pkl
Mandapam,wind_speed_50m,Success,6429.59,1.759,2.181,39.5%,sarima_Mandapam_wind_speed_50m.pkl
Mandapam,wind_power_density_10m,Success,18242.45,95.204,113.329,346.5%,sarima_Mandapam_wind_power_density_10m.pkl
Mandapam,wind_speed_10m,Success,5946.38,1.482,1.839,37.2%,sarima_Mandapam_wind_speed_10m.pkl
Mandapam,wind_power_density_50m,Success,19521.94,147.743,177.234,397.4%,sarima_Mandapam_wind_power_density_50m.pkl
Malappuram,wind_speed_2m,Success,1244.76,0.315,0.393,26.0%,sarima_Malappuram_wind_speed_2m.pkl
Mandapam,wind_speed_2m,Success,5353.19,1.220,1.520,35.4%,sarima_Mandapam_wind_speed_2m.pkl
Mandya,wind_speed_50m,Success,5825.53,1.392,1.686,34.2%,sarima_Mandya_wind_speed_50m.pkl
Mandsaur,wind_speed_2m,Success,4224.48,0.947,1.183,39.6%,sarima_Mandsaur_wind_speed_2m.pkl
Mandsaur,wind_speed_50m,Success,5684.22,1.491,1.805,31.3%,sarima_Mandsaur_wind_speed_50m.pkl
Mandya,wind_speed_10m,Success,5109.76,1.085,1.309,37.9%,sarima_Mandya_wind_speed_10m.pkl
Mandsaur,wind_speed_10m,Success,4968.56,1.177,1.478,33.6%,sarima_Mandsaur_wind_speed_10m.pkl
Mandya,wind_power_density_10m,Success,15331.52,30.967,38.096,349.5%,sarima_Mandya_wind_power_density_10m.pkl
Mandsaur,wind_power_density_50m,Success,17375.13,72.927,99.502,243.5%,sarima_Mandsaur_wind_power_density_50m.pkl
Mandsaur,wind_power_density_10m,Success,15249.15,31.901,46.465,253.6%,sarima_Mandsaur_wind_power_density_10m.pkl
Mandya,wind_power_density_50m,Success,17782.73,76.356,92.087,284.8%,sarima_Mandya_wind_power_density_50m.pkl
Mangalore,wind_power_density_10m,Success,12402.34,11.968,20.410,195.8%,sarima_Mangalore_wind_power_density_10m.pkl
Mandya,wind_speed_2m,Success,4233.11,0.807,0.972,40.9%,sarima_Mandya_wind_speed_2m.pkl
Mangalore,wind_speed_50m,Success,4740.78,1.102,1.374,33.2%,sarima_Mangalore_wind_speed_50m.pkl
Mangalore,wind_speed_2m,Success,2679.21,0.509,0.668,28.0%,sarima_Mangalore_wind_speed_2m.pkl
Mangalore,wind_power_density_50m,Success,15244.97,34.873,52.233,262.4%,sarima_Mangalore_wind_power_density_50m.pkl
Mangalore,wind_speed_10m,Success,3742.88,0.745,0.954,30.3%,sarima_Mangalore_wind_speed_10m.pkl
Mumbai,wind_speed_10m,Success,4581.83,0.793,1.216,21.0%,sarima_Mumbai_wind_speed_10m.pkl
Mundra,wind_speed_50m,Success,5788.00,1.511,1.880,29.3%,sarima_Mundra_wind_speed_50m.pkl
Mumbai,wind_power_density_50m,Success,17488.40,75.136,125.721,151.2%,sarima_Mumbai_wind_power_density_50m.pkl
Mumbai,wind_speed_2m,Success,3797.83,0.620,0.947,23.1%,sarima_Mumbai_wind_speed_2m.pkl
Mumbai,wind_power_density_10m,Success,14996.27,30.467,55.934,137.7%,sarima_Mumbai_wind_power_density_10m.pkl
Mundra,wind_power_density_10m,Success,16905.63,53.787,75.085,262.5%,sarima_Mundra_wind_power_density_10m.pkl
Mundra,wind_speed_10m,Success,5367.78,1.334,1.654,33.5%,sarima_Mundra_wind_speed_10m.pkl
Mumbai,wind_speed_50m,Success,5521.49,1.188,1.652,24.2%,sarima_Mumbai_wind_speed_50m.pkl
Mundra,wind_speed_2m,Success,5082.99,2.067,2.437,51.9%,sarima_Mundra_wind_speed_2m.pkl
Munnar,wind_speed_10m,Success,2729.78,0.527,0.630,41.6%,sarima_Munnar_wind_speed_10m.pkl
Munnar,wind_power_density_50m,Success,13892.85,19.182,24.509,454.4%,sarima_Munnar_wind_power_density_50m.pkl
Munnar,wind_power_density_10m,Success,8581.05,2.805,3.599,412.9%,sarima_Munnar_wind_power_density_10m.pkl
Munnar,wind_speed_50m,Success,4539.80,1.026,1.216,44.3%,sarima_Munnar_wind_speed_50m.pkl
Mundra,wind_power_density_50m,Success,18487.07,97.436,131.721,206.4%,sarima_Mundra_wind_power_density_50m.pkl
Munnar,wind_speed_2m,Success,-1840.37,0.100,0.125,27.1%,sarima_Munnar_wind_speed_2m.pkl
Muppandal,wind_speed_50m,Success,5733.40,1.374,1.639,35.4%,sarima_Muppandal_wind_speed_50m.pkl
Muppandal,wind_speed_10m,Success,4929.73,1.015,1.201,37.6%,sarima_Muppandal_wind_speed_10m.pkl
Muppandal,wind_speed_2m,Success,3915.65,0.730,0.855,41.5%,sarima_Muppandal_wind_speed_2m.pkl
Muppandal,wind_power_density_10m,Success,14810.13,25.390,30.528,341.4%,sarima_Muppandal_wind_power_density_10m.pkl
Mysore,wind_speed_50m,Success,5825.53,1.392,1.686,34.2%,sarima_Mysore_wind_speed_50m.pkl
Muppandal,wind_power_density_50m,Success,17336.09,67.497,80.656,289.3%,sarima_Muppandal_wind_power_density_50m.pkl
Mysore,wind_power_density_10m,Success,15331.52,30.967,38.096,349.5%,sarima_Mysore_wind_power_density_10m.pkl
Mysore,wind_speed_10m,Success,5109.76,1.085,1.309,37.9%,sarima_Mysore_wind_speed_10m.pkl
Nagapattinam,wind_speed_50m,Success,5710.80,1.412,1.704,29.0%,sarima_Nagapattinam_wind_speed_50m.pkl
Mysore,wind_power_density_50m,Success,17782.73,76.356,92.087,284.8%,sarima_Mysore_wind_power_density_50m.pkl
Nagapattinam,wind_speed_10m,Success,5055.25,1.094,1.335,27.0%,sarima_Nagapattinam_wind_speed_10m.pkl
Nagapattinam,wind_power_density_10m,Success,16628.59,47.880,71.081,140.9%,sarima_Nagapattinam_wind_power_density_10m.pkl
Nagapattinam,wind_speed_2m,Success,4364.62,0.862,1.048,25.7%,sarima_Nagapattinam_wind_speed_2m.pkl
Mysore,wind_speed_2m,Success,4233.11,0.807,0.972,40.9%,sarima_Mysore_wind_speed_2m.pkl
Nagapattinam,wind_power_density_50m,Success,18392.42,93.044,133.010,160.6%,sarima_Nagapattinam_wind_power_density_50m.pkl
Nagpur,wind_speed_50m,Success,5377.44,1.333,1.712,33.5%,sarima_Nagpur_wind_speed_50m.pkl
Nagpur,wind_speed_10m,Success,4458.22,0.931,1.247,33.4%,sarima_Nagpur_wind_speed_10m.pkl
Nalgonda,wind_speed_50m,Success,5723.99,1.389,1.743,32.6%,sarima_Nalgonda_wind_speed_50m.pkl
Nagpur,wind_power_density_10m,Success,14236.45,18.236,32.776,249.0%,sarima_Nagpur_wind_power_density_10m.pkl
Nagpur,wind_power_density_50m,Success,16886.75,52.126,84.504,258.6%,sarima_Nagpur_wind_power_density_50m.pkl
Nalgonda,wind_power_density_10m,Success,15306.24,30.103,43.141,296.7%,sarima_Nalgonda_wind_power_density_10m.pkl
Nagpur,wind_speed_2m,Success,3605.34,0.704,0.944,36.8%,sarima_Nagpur_wind_speed_2m.pkl
Nalgonda,wind_speed_10m,Success,4905.23,1.035,1.319,34.2%,sarima_Nalgonda_wind_speed_10m.pkl
Nalgonda,wind_power_density_50m,Success,17899.27,76.321,108.207,247.5%,sarima_Nalgonda_wind_power_density_50m.pkl
Nashik,wind_speed_50m,Success,5883.08,1.393,1.953,23.9%,sarima_Nashik_wind_speed_50m.pkl
Nashik,wind_speed_10m,Success,5218.36,1.131,1.608,26.6%,sarima_Nashik_wind_speed_10m.pkl
Nashik,wind_power_density_50m,Success,18436.62,102.002,179.256,142.7%,sarima_Nashik_wind_power_density_50m.pkl
Nashik,wind_power_density_10m,Success,16204.29,48.145,85.006,188.9%,sarima_Nashik_wind_power_density_10m.pkl
Nalgonda,wind_speed_2m,Success,4086.92,0.796,1.013,38.2%,sarima_Nalgonda_wind_speed_2m.pkl
Nashik,wind_speed_2m,Success,4380.69,0.891,1.239,30.8%,sarima_Nashik_wind_speed_2m.pkl
Palakkad,wind_power_density_10m,Success,14357.00,18.707,22.397,492.2%,sarima_Palakkad_wind_power_density_10m.pkl
Navsari,wind_speed_2m,Success,4059.46,0.850,1.122,30.6%,sarima_Navsari_wind_speed_2m.pkl
Navsari,wind_speed_10m,Success,4862.99,1.065,1.428,26.2%,sarima_Navsari_wind_speed_10m.pkl
Palakkad,wind_speed_10m,Success,4798.40,0.905,1.102,41.2%,sarima_Palakkad_wind_speed_10m.pkl
Navsari,wind_power_density_50m,Success,17945.99,89.373,143.692,129.9%,sarima_Navsari_wind_power_density_50m.pkl
Palakkad,wind_speed_50m,Success,5654.49,1.277,1.548,39.7%,sarima_Palakkad_wind_speed_50m.pkl
Navsari,wind_power_density_10m,Success,15496.81,37.681,63.534,146.8%,sarima_Navsari_wind_power_density_10m.pkl
Navsari,wind_speed_50m,Success,5662.76,1.326,1.773,23.9%,sarima_Navsari_wind_speed_50m.pkl
Palakkad,wind_power_density_50m,Success,17036.54,52.690,62.448,419.9%,sarima_Palakkad_wind_power_density_50m.pkl
Palakkad,wind_speed_2m,Success,3711.77,0.621,0.752,44.1%,sarima_Palakkad_wind_speed_2m.pkl
Patna,wind_speed_50m,Success,5666.17,1.621,1.997,45.0%,sarima_Patna_wind_speed_50m.pkl
Patna,wind_speed_10m,Success,4667.34,1.120,1.403,46.3%,sarima_Patna_wind_speed_10m.pkl
Patna,wind_power_density_50m,Success,17364.92,84.057,128.528,493.3%,sarima_Patna_wind_power_density_50m.pkl
Phalodi,wind_speed_50m,Success,5769.75,1.526,1.870,33.9%,sarima_Phalodi_wind_speed_50m.pkl
Patna,wind_power_density_10m,Success,14721.34,27.826,47.928,557.4%,sarima_Patna_wind_power_density_10m.pkl
Phalodi,wind_power_density_10m,Success,15671.37,40.674,55.095,303.2%,sarima_Phalodi_wind_power_density_10m.pkl
Phalodi,wind_speed_10m,Success,5143.27,1.244,1.565,36.2%,sarima_Phalodi_wind_speed_10m.pkl
Patna,wind_speed_2m,Success,3790.88,0.820,1.037,51.1%,sarima_Patna_wind_speed_2m.pkl
Phalodi,wind_power_density_50m,Success,17609.47,83.633,108.536,265.2%,sarima_Phalodi_wind_power_density_50m.pkl
Phalodi,wind_speed_2m,Success,4600.56,1.054,1.322,42.0%,sarima_Phalodi_wind_speed_2m.pkl
Porbandar,wind_power_density_10m,Success,17843.23,82.618,141.376,140.6%,sarima_Porbandar_wind_power_density_10m.pkl
Porbandar,wind_speed_10m,Success,5449.19,1.286,1.714,24.2%,sarima_Porbandar_wind_speed_10m.pkl
Porbandar,wind_power_density_50m,Success,19140.86,130.075,229.486,157.2%,sarima_Porbandar_wind_power_density_50m.pkl
Porbandar,wind_speed_2m,Success,4884.85,1.065,1.405,23.3%,sarima_Porbandar_wind_speed_2m.pkl
Porbandar,wind_speed_50m,Success,5929.39,1.532,2.046,25.3%,sarima_Porbandar_wind_speed_50m.pkl
Puducherry,wind_speed_50m,Success,5394.01,1.245,1.507,27.0%,sarima_Puducherry_wind_speed_50m.pkl
Puducherry,wind_speed_10m,Success,4696.51,0.955,1.180,25.1%,sarima_Puducherry_wind_speed_10m.pkl
Puducherry,wind_power_density_10m,Success,16069.43,34.924,47.371,136.6%,sarima_Puducherry_wind_power_density_10m.pkl
Puducherry,wind_power_density_50m,Success,17884.30,68.527,90.708,149.8%,sarima_Puducherry_wind_power_density_50m.pkl
Pune,wind_power_density_10m,Success,16407.11,50.474,84.828,233.0%,sarima_Pune_wind_power_density_10m.pkl
Puducherry,wind_speed_2m,Success,4015.22,0.756,0.934,24.3%,sarima_Puducherry_wind_speed_2m.pkl
Pune,wind_speed_10m,Success,5338.98,1.116,1.609,27.8%,sarima_Pune_wind_speed_10m.pkl
Pune,wind_speed_50m,Success,6017.51,1.397,1.973,25.5%,sarima_Pune_wind_speed_50m.pkl
Pune,wind_speed_2m,Success,4493.96,0.883,1.249,32.8%,sarima_Pune_wind_speed_2m.pkl
Pune,wind_power_density_50m,Success,18569.39,106.863,176.034,180.8%,sarima_Pune_wind_power_density_50m.pkl
Raigad,wind_speed_10m,Success,4740.35,0.836,1.237,22.3%,sarima_Raigad_wind_speed_10m.pkl
Raigad,wind_power_density_50m,Success,17739.13,79.407,126.075,164.2%,sarima_Raigad_wind_power_density_50m.pkl
Raigad,wind_speed_50m,Success,5635.13,1.221,1.661,25.8%,sarima_Raigad_wind_speed_50m.pkl
Raigad,wind_power_density_10m,Success,15347.37,33.497,56.542,152.4%,sarima_Raigad_wind_power_density_10m.pkl
Raigad,wind_speed_2m,Success,3940.20,0.638,0.953,23.5%,sarima_Raigad_wind_speed_2m.pkl
Rajkot,wind_speed_2m,Success,4788.63,1.564,1.929,43.9%,sarima_Rajkot_wind_speed_2m.pkl
Rajkot,wind_speed_50m,Success,5583.73,1.392,1.778,28.6%,sarima_Rajkot_wind_speed_50m.pkl
Rameshwaram,wind_power_density_10m,Success,18242.45,95.204,113.329,346.5%,sarima_Rameshwaram_wind_power_density_10m.pkl
Rajkot,wind_power_density_10m,Success,16236.17,44.371,66.621,258.8%,sarima_Rajkot_wind_power_density_10m.pkl
Rajkot,wind_power_density_50m,Success,18002.18,84.412,122.379,224.5%,sarima_Rajkot_wind_power_density_50m.pkl
Rameshwaram,wind_speed_50m,Success,6429.59,1.759,2.181,39.5%,sarima_Rameshwaram_wind_speed_50m.pkl
Rajkot,wind_speed_10m,Success,5120.59,1.213,1.553,32.4%,sarima_Rajkot_wind_speed_10m.pkl
Rameshwaram,wind_speed_10m,Success,5946.38,1.482,1.839,37.2%,sarima_Rameshwaram_wind_speed_10m.pkl
Rameshwaram,wind_power_density_50m,Success,19521.94,147.743,177.234,397.4%,sarima_Rameshwaram_wind_power_density_50m.pkl
Ranchi,wind_speed_10m,Success,4170.05,0.901,1.107,39.3%,sarima_Ranchi_wind_speed_10m.pkl
Ranchi,wind_speed_50m,Success,5190.61,1.349,1.668,41.1%,sarima_Ranchi_wind_speed_50m.pkl
Ranchi,wind_power_density_50m,Success,16036.32,54.076,74.694,344.0%,sarima_Ranchi_wind_power_density_50m.pkl
Rameshwaram,wind_speed_2m,Success,5353.19,1.220,1.520,35.4%,sarima_Rameshwaram_wind_speed_2m.pkl
Ranchi,wind_power_density_10m,Success,13200.51,16.329,22.737,310.2%,sarima_Ranchi_wind_power_density_10m.pkl
Ranchi,wind_speed_2m,Success,3254.04,0.652,0.798,42.7%,sarima_Ranchi_wind_speed_2m.pkl
Rangareddy,wind_power_density_50m,Success,18539.09,97.301,138.174,271.7%,sarima_Rangareddy_wind_power_density_50m.pkl
Rangareddy,wind_power_density_10m,Success,16137.61,41.375,60.023,342.3%,sarima_Rangareddy_wind_power_density_10m.pkl
Rangareddy,wind_speed_2m,Success,4349.24,0.886,1.161,39.3%,sarima_Rangareddy_wind_speed_2m.pkl
Ratlam,wind_speed_10m,Success,4956.87,1.156,1.470,31.9%,sarima_Ratlam_wind_speed_10m.pkl
Rangareddy,wind_speed_50m,Success,5924.52,1.509,1.927,32.6%,sarima_Rangareddy_wind_speed_50m.pkl
Rangareddy,wind_speed_10m,Success,5190.16,1.161,1.523,35.0%,sarima_Rangareddy_wind_speed_10m.pkl
Ratlam,wind_power_density_10m,Success,15325.24,32.967,47.796,215.2%,sarima_Ratlam_wind_power_density_10m.pkl
Ratlam,wind_speed_50m,Success,5663.84,1.449,1.778,29.6%,sarima_Ratlam_wind_speed_50m.pkl
Ratlam,wind_speed_2m,Success,4210.46,0.928,1.178,37.4%,sarima_Ratlam_wind_speed_2m.pkl
Ratnagiri,wind_power_density_10m,Success,17379.73,57.113,83.423,129.8%,sarima_Ratnagiri_wind_power_density_10m.pkl
Ratnagiri,wind_speed_50m,Success,5911.71,1.327,1.725,25.4%,sarima_Ratnagiri_wind_speed_50m.pkl
Ratlam,wind_power_density_50m,Success,17419.86,73.816,100.701,196.5%,sarima_Ratlam_wind_power_density_50m.pkl
Ratnagiri,wind_power_density_50m,Success,18844.92,96.023,139.734,152.3%,sarima_Ratnagiri_wind_power_density_50m.pkl
Ratnagiri,wind_speed_10m,Success,5358.15,1.085,1.415,23.6%,sarima_Ratnagiri_wind_speed_10m.pkl
Ratnagiri,wind_speed_2m,Success,4744.02,0.882,1.145,22.6%,sarima_Ratnagiri_wind_speed_2m.pkl
Salem,wind_speed_50m,Success,5084.05,1.040,1.247,28.0%,sarima_Salem_wind_speed_50m.pkl
Salem,wind_power_density_50m,Success,16152.78,40.100,50.209,175.5%,sarima_Salem_wind_power_density_50m.pkl
Salem,wind_speed_10m,Success,4244.54,0.744,0.899,29.5%,sarima_Salem_wind_speed_10m.pkl
Salem,wind_power_density_10m,Success,13384.09,13.941,17.628,199.4%,sarima_Salem_wind_power_density_10m.pkl
Sangli,wind_power_density_10m,Success,17276.95,65.367,103.217,293.4%,sarima_Sangli_wind_power_density_10m.pkl
Sangli,wind_speed_10m,Success,5729.67,1.321,1.778,32.5%,sarima_Sangli_wind_speed_10m.pkl
Sangli,wind_speed_50m,Success,6411.02,1.629,2.187,29.4%,sarima_Sangli_wind_speed_50m.pkl
Salem,wind_speed_2m,Success,3348.93,0.544,0.653,32.2%,sarima_Salem_wind_speed_2m.pkl
Sangli,wind_speed_2m,Success,4853.55,1.018,1.353,36.4%,sarima_Sangli_wind_speed_2m.pkl
Sangli,wind_power_density_50m,Success,19479.46,143.023,219.937,234.8%,sarima_Sangli_wind_power_density_50m.pkl
Sankaneri,wind_power_density_10m,Success,16013.45,42.118,48.510,217.3%,sarima_Sankaneri_wind_power_density_10m.pkl
Sankaneri,wind_speed_50m,Success,5860.02,1.418,1.667,29.7%,sarima_Sankaneri_wind_speed_50m.pkl
Sankaneri,wind_power_density_50m,Success,18170.12,94.153,108.443,196.0%,sarima_Sankaneri_wind_power_density_50m.pkl
Sankaneri,wind_speed_10m,Success,5197.15,1.099,1.290,30.8%,sarima_Sankaneri_wind_speed_10m.pkl
Sankaneri,wind_speed_2m,Success,4399.47,0.835,0.981,32.2%,sarima_Sankaneri_wind_speed_2m.pkl
Satara,wind_speed_10m,Success,5208.63,1.011,1.441,26.4%,sarima_Satara_wind_speed_10m.pkl
Satara,wind_speed_2m,Success,4347.20,0.786,1.105,30.7%,sarima_Satara_wind_speed_2m.pkl
Satara,wind_power_density_10m,Success,16146.92,41.669,67.167,211.9%,sarima_Satara_wind_power_density_10m.pkl
Satara,wind_power_density_50m,Success,18349.27,92.216,143.644,175.3%,sarima_Satara_wind_power_density_50m.pkl
Shillong,wind_speed_10m,Success,4441.86,0.836,1.076,33.1%,sarima_Shillong_wind_speed_10m.pkl
Satara,wind_speed_50m,Success,5929.25,1.325,1.818,25.3%,sarima_Satara_wind_speed_50m.pkl
Shillong,wind_speed_50m,Success,5451.64,1.253,1.580,35.5%,sarima_Shillong_wind_speed_50m.pkl
Shillong,wind_power_density_10m,Success,13334.61,10.790,17.341,193.0%,sarima_Shillong_wind_power_density_10m.pkl
Shillong,wind_power_density_50m,Success,16102.32,33.035,50.881,220.3%,sarima_Shillong_wind_power_density_50m.pkl
Shimla,wind_power_density_50m,Success,14985.89,22.538,56.720,102.2%,sarima_Shimla_wind_power_density_50m.pkl
Shimla,wind_power_density_10m,Success,11875.59,8.225,22.729,82.1%,sarima_Shimla_wind_power_density_10m.pkl
Shillong,wind_speed_2m,Success,2896.03,0.472,0.615,32.1%,sarima_Shillong_wind_speed_2m.pkl
Shimla,wind_speed_10m,Success,3129.29,0.547,0.753,19.7%,sarima_Shimla_wind_speed_10m.pkl
Shimla,wind_speed_50m,Success,4317.11,0.797,1.074,21.7%,sarima_Shimla_wind_speed_50m.pkl
Shimla,wind_speed_2m,Success,1964.61,0.359,0.511,19.6%,sarima_Shimla_wind_speed_2m.pkl
Shimoga,wind_speed_2m,Success,4410.01,0.879,1.076,42.3%,sarima_Shimoga_wind_speed_2m.pkl
Silchar,wind_power_density_10m,Success,9478.21,3.272,4.953,97.7%,sarima_Silchar_wind_power_density_10m.pkl
Shimoga,wind_power_density_50m,Success,18594.20,98.339,123.546,360.2%,sarima_Shimoga_wind_power_density_50m.pkl
Shimoga,wind_power_density_10m,Success,16128.83,41.038,52.556,423.1%,sarima_Shimoga_wind_power_density_10m.pkl
Shimoga,wind_speed_50m,Success,6204.05,1.593,1.940,37.2%,sarima_Shimoga_wind_speed_50m.pkl
Shimoga,wind_speed_10m,Success,5387.14,1.191,1.477,38.9%,sarima_Shimoga_wind_speed_10m.pkl
Silchar,wind_speed_50m,Success,3997.19,0.674,0.884,22.1%,sarima_Silchar_wind_speed_50m.pkl
Silchar,wind_speed_10m,Success,2520.08,0.379,0.515,19.3%,sarima_Silchar_wind_speed_10m.pkl
Silchar,wind_power_density_50m,Success,13386.43,14.777,21.136,117.7%,sarima_Silchar_wind_power_density_50m.pkl
Sindhudurg,wind_speed_10m,Success,4938.59,0.927,1.256,25.7%,sarima_Sindhudurg_wind_speed_10m.pkl
Sindhudurg,wind_power_density_10m,Success,15623.99,31.809,50.353,159.5%,sarima_Sindhudurg_wind_power_density_10m.pkl
Sindhudurg,wind_speed_50m,Success,5780.22,1.337,1.716,27.0%,sarima_Sindhudurg_wind_speed_50m.pkl
Sindhudurg,wind_power_density_50m,Success,18083.18,88.030,122.668,181.7%,sarima_Sindhudurg_wind_power_density_50m.pkl
Silchar,wind_speed_2m,Success,781.09,0.206,0.283,19.1%,sarima_Silchar_wind_speed_2m.pkl
Sindhudurg,wind_speed_2m,Success,4039.03,0.684,0.935,27.9%,sarima_Sindhudurg_wind_speed_2m.pkl
Surendranagar,wind_speed_10m,Success,4786.12,1.006,1.295,28.2%,sarima_Surendranagar_wind_speed_10m.pkl
Surat,wind_speed_2m,Success,4059.46,0.850,1.122,30.6%,sarima_Surat_wind_speed_2m.pkl
Surat,wind_speed_10m,Success,4862.99,1.065,1.428,26.2%,sarima_Surat_wind_speed_10m.pkl
Surat,wind_power_density_50m,Success,17945.99,89.373,143.692,129.9%,sarima_Surat_wind_power_density_50m.pkl
Surat,wind_power_density_10m,Success,15496.81,37.681,63.534,146.8%,sarima_Surat_wind_power_density_10m.pkl
Surendranagar,wind_power_density_10m,Success,15196.16,27.736,43.282,164.3%,sarima_Surendranagar_wind_power_density_10m.pkl
Surendranagar,wind_speed_50m,Success,5392.91,1.282,1.591,26.5%,sarima_Surendranagar_wind_speed_50m.pkl
Surat,wind_speed_50m,Success,5662.76,1.326,1.773,23.9%,sarima_Surat_wind_speed_50m.pkl
Thanjavur,wind_speed_50m,Success,5373.42,1.234,1.474,26.2%,sarima_Thanjavur_wind_speed_50m.pkl
Thanjavur,wind_power_density_10m,Success,14969.16,24.969,36.169,139.3%,sarima_Thanjavur_wind_power_density_10m.pkl
Thanjavur,wind_speed_10m,Success,4607.27,0.878,1.073,26.1%,sarima_Thanjavur_wind_speed_10m.pkl
Surendranagar,wind_speed_2m,Success,4123.79,0.839,1.067,33.4%,sarima_Surendranagar_wind_speed_2m.pkl
Surendranagar,wind_power_density_50m,Success,17212.26,63.953,91.427,149.9%,sarima_Surendranagar_wind_power_density_50m.pkl
Thanjavur,wind_power_density_50m,Success,17460.75,69.747,93.459,136.5%,sarima_Thanjavur_wind_power_density_50m.pkl
Thanjavur,wind_speed_2m,Success,3772.20,0.654,0.793,27.5%,sarima_Thanjavur_wind_speed_2m.pkl
Tirunelveli,wind_power_density_10m,Success,15507.71,35.824,42.323,344.5%,sarima_Tirunelveli_wind_power_density_10m.pkl
Thrissur,wind_speed_10m,Success,3605.31,0.728,0.909,28.2%,sarima_Thrissur_wind_speed_10m.pkl
Tirunelveli,wind_speed_10m,Success,5197.74,1.146,1.351,38.1%,sarima_Tirunelveli_wind_speed_10m.pkl
Thrissur,wind_speed_2m,Success,2653.92,0.527,0.656,28.1%,sarima_Thrissur_wind_speed_2m.pkl
Tirunelveli,wind_speed_50m,Success,5960.81,1.542,1.829,37.9%,sarima_Tirunelveli_wind_speed_50m.pkl
Thrissur,wind_power_density_10m,Success,12231.75,10.799,15.431,149.6%,sarima_Thrissur_wind_power_density_10m.pkl
Thrissur,wind_speed_50m,Success,4633.86,1.036,1.286,30.4%,sarima_Thrissur_wind_speed_50m.pkl
Thrissur,wind_power_density_50m,Success,15066.20,30.462,43.336,169.2%,sarima_Thrissur_wind_power_density_50m.pkl
Tirunelveli,wind_power_density_50m,Success,17796.94,87.088,102.319,327.4%,sarima_Tirunelveli_wind_power_density_50m.pkl
Tirunelveli,wind_speed_2m,Success,4277.25,0.838,0.982,40.6%,sarima_Tirunelveli_wind_speed_2m.pkl
Trichy,wind_speed_50m,Success,5468.70,1.261,1.487,29.1%,sarima_Trichy_wind_speed_50m.pkl
Tumkur,wind_power_density_10m,Success,15874.22,36.194,48.603,244.2%,sarima_Tumkur_wind_power_density_10m.pkl
Trichy,wind_power_density_50m,Success,17361.62,66.153,81.615,180.0%,sarima_Trichy_wind_power_density_50m.pkl
Tumkur,wind_speed_50m,Success,5907.51,1.314,1.648,27.0%,sarima_Tumkur_wind_speed_50m.pkl
Trichy,wind_power_density_10m,Success,14970.29,24.814,31.917,216.6%,sarima_Trichy_wind_power_density_10m.pkl
Tumkur,wind_speed_10m,Success,5241.52,1.063,1.351,31.0%,sarima_Tumkur_wind_speed_10m.pkl
Trichy,wind_speed_10m,Success,4773.90,0.921,1.112,30.6%,sarima_Trichy_wind_speed_10m.pkl
Trichy,wind_speed_2m,Success,3908.65,0.685,0.822,33.0%,sarima_Trichy_wind_speed_2m.pkl
Tumkur,wind_power_density_50m,Success,18182.11,80.435,106.159,174.1%,sarima_Tumkur_wind_power_density_50m.pkl
Tuticorin,wind_power_density_10m,Success,16013.45,42.118,48.510,217.3%,sarima_Tuticorin_wind_power_density_10m.pkl
Tumkur,wind_speed_2m,Success,4429.53,0.820,1.038,33.8%,sarima_Tumkur_wind_speed_2m.pkl
Tuticorin,wind_power_density_50m,Success,18170.12,94.153,108.443,196.0%,sarima_Tuticorin_wind_power_density_50m.pkl
Tuticorin,wind_speed_2m,Success,4399.47,0.835,0.981,32.2%,sarima_Tuticorin_wind_speed_2m.pkl
Tuticorin,wind_speed_50m,Success,5860.02,1.418,1.667,29.7%,sarima_Tuticorin_wind_speed_50m.pkl
Tuticorin,wind_speed_10m,Success,5197.15,1.099,1.290,30.8%,sarima_Tuticorin_wind_speed_10m.pkl
Udupi,wind_speed_50m,Success,4910.43,1.108,1.349,34.6%,sarima_Udupi_wind_speed_50m.pkl
Udupi,wind_power_density_50m,Success,15579.57,35.632,45.475,309.7%,sarima_Udupi_wind_power_density_50m.pkl
Udupi,wind_speed_2m,Success,2341.89,0.439,0.556,30.0%,sarima_Udupi_wind_speed_2m.pkl
Udupi,wind_power_density_10m,Success,12382.26,11.195,14.970,277.4%,sarima_Udupi_wind_power_density_10m.pkl
Ujjain,wind_speed_10m,Success,4967.19,1.148,1.488,30.8%,sarima_Ujjain_wind_speed_10m.pkl
Udupi,wind_speed_10m,Success,3770.32,0.715,0.897,31.9%,sarima_Udupi_wind_speed_10m.pkl
Ujjain,wind_power_density_10m,Success,15305.39,33.640,50.498,206.3%,sarima_Ujjain_wind_power_density_10m.pkl
Ujjain,wind_speed_50m,Success,5692.10,1.449,1.805,28.3%,sarima_Ujjain_wind_speed_50m.pkl
Ujjain,wind_speed_2m,Success,4212.44,0.931,1.196,37.0%,sarima_Ujjain_wind_speed_2m.pkl
Ujjain,wind_power_density_50m,Success,17483.27,75.931,106.844,178.8%,sarima_Ujjain_wind_power_density_50m.pkl
Vadodara,wind_speed_50m,Success,5388.88,1.252,1.562,27.0%,sarima_Vadodara_wind_speed_50m.pkl
Vadodara,wind_speed_2m,Success,4029.61,0.833,1.040,37.0%,sarima_Vadodara_wind_speed_2m.pkl
Vadodara,wind_power_density_10m,Success,15066.48,26.214,39.685,188.2%,sarima_Vadodara_wind_power_density_10m.pkl
Vadodara,wind_speed_10m,Success,4746.31,0.996,1.272,29.7%,sarima_Vadodara_wind_speed_10m.pkl
Vadodara,wind_power_density_50m,Success,17175.44,60.509,85.418,160.2%,sarima_Vadodara_wind_power_density_50m.pkl
Valsad,wind_power_density_10m,Success,15360.93,35.800,67.443,140.3%,sarima_Valsad_wind_power_density_10m.pkl
Vankusawade,wind_speed_50m,Success,6411.02,1.629,2.187,29.4%,sarima_Vankusawade_wind_speed_50m.pkl
Vankusawade,wind_speed_10m,Success,5729.67,1.321,1.778,32.5%,sarima_Vankusawade_wind_speed_10m.pkl
Vankusawade,wind_power_density_10m,Success,17276.95,65.367,103.217,293.4%,sarima_Vankusawade_wind_power_density_10m.pkl
Valsad,wind_speed_50m,Success,5698.22,1.363,1.845,25.2%,sarima_Valsad_wind_speed_50m.pkl
Valsad,wind_speed_10m,Success,4809.77,0.986,1.401,24.3%,sarima_Valsad_wind_speed_10m.pkl
Valsad,wind_speed_2m,Success,3976.17,0.773,1.076,27.4%,sarima_Valsad_wind_speed_2m.pkl
Valsad,wind_power_density_50m,Success,17863.42,89.301,153.077,144.1%,sarima_Valsad_wind_power_density_50m.pkl
Vankusawade,wind_speed_2m,Success,4853.55,1.018,1.353,36.4%,sarima_Vankusawade_wind_speed_2m.pkl
Vankusawade,wind_power_density_50m,Success,19479.46,143.023,219.937,234.8%,sarima_Vankusawade_wind_power_density_50m.pkl
Varanasi,wind_power_density_50m,Success,16933.27,63.034,95.111,295.8%,sarima_Varanasi_wind_power_density_50m.pkl
Varanasi,wind_speed_10m,Success,4386.56,0.953,1.179,37.3%,sarima_Varanasi_wind_speed_10m.pkl
Varanasi,wind_speed_2m,Success,3515.68,0.687,0.860,40.9%,sarima_Varanasi_wind_speed_2m.pkl
Varanasi,wind_power_density_10m,Success,14091.56,18.948,30.209,288.1%,sarima_Varanasi_wind_power_density_10m.pkl
Varanasi,wind_speed_50m,Success,5443.69,1.439,1.768,38.1%,sarima_Varanasi_wind_speed_50m.pkl
Vedaranyam,wind_speed_50m,Success,5937.48,1.472,1.793,30.9%,sarima_Vedaranyam_wind_speed_50m.pkl
Vedaranyam,wind_power_density_50m,Success,18760.11,101.843,132.286,197.6%,sarima_Vedaranyam_wind_power_density_50m.pkl
Vedaranyam,wind_speed_2m,Success,4689.36,0.932,1.142,27.1%,sarima_Vedaranyam_wind_speed_2m.pkl
Vedaranyam,wind_speed_10m,Success,5345.10,1.172,1.437,28.7%,sarima_Vedaranyam_wind_speed_10m.pkl
Vedaranyam,wind_power_density_10m,Success,17190.13,57.104,74.896,173.4%,sarima_Vedaranyam_wind_power_density_10m.pkl
Veraval,wind_speed_50m,Success,5674.77,1.304,1.762,20.6%,sarima_Veraval_wind_speed_50m.pkl
Veraval,wind_power_density_10m,Success,16525.10,50.783,91.607,110.0%,sarima_Veraval_wind_power_density_10m.pkl
Veraval,wind_speed_10m,Success,5098.82,1.091,1.474,22.6%,sarima_Veraval_wind_speed_10m.pkl
Visakhapatnam,wind_power_density_50m,Success,19114.33,84.277,131.031,190.4%,sarima_Visakhapatnam_wind_power_density_50m.pkl
Visakhapatnam,wind_speed_50m,Success,6134.76,1.627,2.023,34.7%,sarima_Visakhapatnam_wind_speed_50m.pkl
Visakhapatnam,wind_power_density_10m,Success,17326.84,43.230,68.207,157.8%,sarima_Visakhapatnam_wind_power_density_10m.pkl
Visakhapatnam,wind_speed_10m,Success,5452.61,1.263,1.592,31.9%,sarima_Visakhapatnam_wind_speed_10m.pkl
Veraval,wind_power_density_50m,Success,18413.71,102.232,178.730,93.2%,sarima_Veraval_wind_power_density_50m.pkl
Veraval,wind_speed_2m,Success,4409.10,0.899,1.191,24.8%,sarima_Veraval_wind_speed_2m.pkl
Visakhapatnam,wind_speed_2m,Success,4759.32,0.997,1.254,31.2%,sarima_Visakhapatnam_wind_speed_2m.pkl
Warangal,wind_power_density_10m,Success,14862.71,24.217,33.559,297.0%,sarima_Warangal_wind_power_density_10m.pkl
Warangal,wind_speed_50m,Success,5604.94,1.321,1.672,32.9%,sarima_Warangal_wind_speed_50m.pkl
Warangal,wind_power_density_50m,Success,17563.51,64.421,90.322,255.6%,sarima_Warangal_wind_power_density_50m.pkl
Warangal,wind_speed_10m,Success,4713.38,0.977,1.245,33.8%,sarima_Warangal_wind_speed_10m.pkl
Warangal,wind_speed_2m,Success,3865.15,0.748,0.950,38.3%,sarima_Warangal_wind_speed_2m.pkl
Amaravati,wind_speed_10m,Failed,N/A,N/A,N/A,N/A,Error: Insufficient data: 96 points
Amaravati,wind_speed_50m,Failed,N/A,N/A,N/A,N/A,Error: Insufficient data: 96 points
Amaravati,wind_power_density_10m,Failed,N/A,N/A,N/A,N/A,Error: Insufficient data: 96 points
Amaravati,wind_power_density_50m,Failed,N/A,N/A,N/A,N/A,Error: Insufficient data: 96 points
Amaravati,wind_speed_2m,Failed,N/A,N/A,N/A,N/A,Error: Insufficient data: 96 points
Amreli,wind_speed_10m,Failed,N/A,N/A,N/A,N/A,Error: Insufficient data: 96 points
Amreli,wind_speed_50m,Failed,N/A,N/A,N/A,N/A,Error: Insufficient data: 96 points
Amreli,wind_power_density_10m,Failed,N/A,N/A,N/A,N/A,Error: Insufficient data: 96 points
Amreli,wind_power_density_50m,Failed,N/A,N/A,N/A,N/A,Error: Insufficient data: 96 points
Amreli,wind_speed_2m,Failed,N/A,N/A,N/A,N/A,Error: Insufficient data: 96 points
Kochi,wind_speed_10m,Failed,N/A,N/A,N/A,N/A,Error: Insufficient data: 96 points
Kochi,wind_speed_50m,Failed,N/A,N/A,N/A,N/A,Error: Insufficient data: 96 points
Kochi,wind_power_density_10m,Failed,N/A,N/A,N/A,N/A,Error: Insufficient data: 96 points
Kochi,wind_power_density_50m,Failed,N/A,N/A,N/A,N/A,Error: Insufficient data: 96 points
Kochi,wind_speed_2m,Failed,N/A,N/A,N/A,N/A,Error: Insufficient data: 96 points
Okha,wind_speed_10m,Failed,N/A,N/A,N/A,N/A,Error: Insufficient data: 96 points
Okha,wind_speed_50m,Failed,N/A,N/A,N/A,N/A,Error: Insufficient data: 96 points
Okha,wind_power_density_10m,Failed,N/A,N/A,N/A,N/A,Error: Insufficient data: 96 points
Okha,wind_power_density_50m,Failed,N/A,N/A,N/A,N/A,Error: Insufficient data: 96 points
Okha,wind_speed_2m,Failed,N/A,N/A,N/A,N/A,Error: Insufficient data: 96 points
Thiruvananthapuram,wind_speed_10m,Failed,N/A,N/A,N/A,N/A,Error: Insufficient data: 96 points
Thiruvananthapuram,wind_speed_50m,Failed,N/A,N/A,N/A,N/A,Error: Insufficient data: 96 points
Thiruvananthapuram,wind_power_density_10m,Failed,N/A,N/A,N/A,N/A,Error: Insufficient data: 96 points
Thiruvananthapuram,wind_power_density_50m,Failed,N/A,N/A,N/A,N/A,Error: Insufficient data: 96 points
Thiruvananthapuram,wind_speed_2m,Failed,N/A,N/A,N/A,N/A,Error: Insufficient data: 96 points
